1/3/2022,0.795,0.815,0.79,11010000.0,0.805,1549.05,0.0,0.0,0.0,0.012578616,-1.0,16.21431451,-1.0,-1.0,-11010000.0,-1.0,-1.0,-1.0
1/4/2022,0.805,0.825,0.805,7270000.0,0.81,1541.9,0.0,0.0,0.0,0.00621118,0.0,15.79926685,-3740000.0,-1.0,-214017.9144,-1.0,-1.0,-1.0
1/5/2022,0.81,0.82,0.8,7120000.0,0.805,1547.95,0.0,0.0,0.0,-0.00617284,0.0,15.77841828,-150000.0,-1.0,-3450826.667,-1.0,-1.0,-1.0
1/6/2022,0.8,0.82,0.8,12940000.0,0.815,1533.36,0.0,0.0,0.0,0.01875,-0.00621118,16.37583385,5820000.0,-1.0,158303.7801,-1.0,-1.0,-1.0
1/7/2022,0.815,0.815,0.795,5690000.0,0.795,1543.11,0.0,0.0,0.0,-0.024539877,0.0,15.55422081,-7250000.0,-1.0,-101556.6897,8806000.0,-1.0,-1.0
1/10/2022,0.795,0.795,0.775,14800000.0,0.78,1550.17,0.0,0.0,0.0,-0.018867925,0.0,16.51013774,9110000.0,-1.0,92439.07794,9564000.0,-1.0,-1.0
1/11/2022,0.775,0.78,0.765,13980000.0,0.77,1564.29,0.0,0.0,0.0,-0.006451613,-0.006410256,16.45313829,-820000.0,-1.0,-2523219.512,10906000.0,-1.0,-1.0
1/12/2022,0.77,0.8,0.765,17350000.0,0.785,1563.2,0.0,0.0,0.0,0.019480519,0.0,16.66910306,3370000.0,-1.0,719741.8398,12952000.0,-1.0,-1.0
1/13/2022,0.785,0.785,0.735,45300000.0,0.745,1569.51,0.0,0.0,0.0,-0.050955414,0.0,17.62881759,27950000.0,-1.0,281200.3578,19424000.0,-1.0,-1.0
1/14/2022,0.675,0.675,0.55,330970000.0,0.62,1555.33,0.0,0.0,0.0,-0.081481481,-0.093959732,19.61753829,285670000.0,-1.0,524834.2843,84480000.0,-1.0,-1.0
1/17/2022,0.605,0.625,0.585,64360000.0,0.615,1542.92,0.0,0.0,0.0,0.016528926,-0.024193548,17.98000288,-266610000.0,-1.0,-798965.8752,94392000.0,-1.0,-1.0
1/19/2022,0.61,0.61,0.585,58990000.0,0.59,1530.33,0.0,0.0,0.0,-0.032786885,-0.008130081,17.8928785,-5370000.0,-1.0,-7070011.918,103394000.0,-1.0,-1.0
1/20/2022,0.59,0.605,0.585,18340000.0,0.595,1527.75,0.0,0.0,0.0,0.008474576,0.0,16.72459502,-40650000.0,-1.0,-266144.305,103592000.0,-1.0,-1.0
1/21/2022,0.595,0.61,0.595,18910000.0,0.605,1527.06,0.0,0.0,0.0,0.016806723,0.0,16.75520144,570000.0,-1.0,6084375.439,98314000.0,-1.0,-1.0
1/24/2022,0.605,0.605,0.595,6210000.0,0.595,1521.86,0.0,0.0,0.0,-0.016528926,0.0,15.64167145,-12700000.0,-1.0,-92465.43307,33362000.0,-1.0,-1.0
1/25/2022,0.595,0.6,0.585,10790000.0,0.59,1508.91,0.0,0.0,0.0,-0.008403361,0.0,16.19413034,4580000.0,-1.0,146301.0917,22648000.0,-1.0,-1.0
1/26/2022,0.59,0.59,0.58,4100000.0,0.59,1515.76,0.0,0.0,0.0,0.0,0.0,15.22649753,-6690000.0,-1.0,-66127.05531,11670000.0,-1.0,-1.0
1/27/2022,0.585,0.585,0.58,5310000.0,0.58,1515.99,0.0,0.0,0.0,-0.008547009,-0.008474576,15.48510239,1210000.0,-1.0,179925.6198,9064000.0,-1.0,-1.0
1/28/2022,0.585,0.59,0.58,5520000.0,0.58,1520.02,0.0,0.0,0.0,-0.008547009,0.00862069,15.52388842,210000.0,-1.0,1395771.429,6386000.0,-1.0,-1.0
1/31/2022,0.58,0.58,0.545,24160000.0,0.545,1512.27,0.0,0.0,0.0,-0.060344828,0.0,17.00020893,18640000.0,-1.0,71546.78112,9976000.0,-1.0,-1.0
2/3/2022,0.545,0.58,0.54,15660000.0,0.58,1525.73,0.0,0.0,0.0,0.064220183,0.0,16.56662025,-8500000.0,-1.0,-445112.4706,10950000.0,-1.0,-1.0
2/4/2022,0.58,0.585,0.575,3980000.0,0.575,1522.76,0.0,0.0,0.0,-0.00862069,0.0,15.19679238,-11680000.0,-1.0,-53361.9863,10926000.0,-1.0,-1.0
2/7/2022,0.58,0.58,0.555,14750000.0,0.565,1530.65,0.0,0.0,0.0,-0.025862069,0.008695652,16.50675364,10770000.0,-1.0,54507.89229,12814000.0,-1.0,-1.0
2/8/2022,0.565,0.66,0.56,84620000.0,0.66,1530.09,0.0,0.0,0.0,0.168141593,0.0,18.2536812,69870000.0,-1.0,178638.1852,28634000.0,-1.0,-1.0
2/9/2022,0.67,0.705,0.66,83040000.0,0.685,1551.51,0.0,0.0,0.0,0.02238806,0.015151515,18.23483298,-1580000.0,-1.0,-44473701.27,40410000.0,-1.0,-1.0
2/10/2022,0.69,0.69,0.65,17940000.0,0.665,1570.1,0.0,0.0,0.0,-0.036231884,0.00729927,16.70254341,-65100000.0,-1.0,-228838.341,40866000.0,-1.0,-1.0
2/11/2022,0.665,0.68,0.655,16360000.0,0.67,1578.89,0.0,0.0,0.0,0.007518797,0.0,16.61034989,-1580000.0,-1.0,-1857584.81,43342000.0,-1.0,-1.0
2/14/2022,0.66,0.665,0.63,14680000.0,0.63,1583.84,0.0,0.0,0.0,-0.045454545,-0.014925373,16.50199658,-1680000.0,-1.0,-1429552.381,43328000.0,-1.0,-1.0
2/15/2022,0.635,0.645,0.62,9850000.0,0.63,1599.61,0.0,0.0,0.0,-0.007874016,0.007936508,16.10298201,-4830000.0,-1.0,-299374.7412,28374000.0,-1.0,-1.0
2/16/2022,0.64,0.645,0.615,16980000.0,0.62,1603.2,0.0,0.0,0.0,-0.03125,0.015873016,16.64754674,7130000.0,-1.0,234576.4376,15162000.0,-1.0,-1.0
2/17/2022,0.625,0.635,0.615,28390000.0,0.635,1605.02,0.0,0.0,0.0,0.016,0.008064516,17.16154753,11410000.0,-1.0,422490.9728,17252000.0,-1.0,-1.0
2/18/2022,0.635,0.675,0.625,30850000.0,0.665,1603.05,0.0,0.0,0.0,0.047244094,0.0,17.24464731,2460000.0,-1.0,3560290.65,20150000.0,-1.0,-1.0
2/21/2022,0.665,0.665,0.63,25010000.0,0.64,1582.69,0.0,0.0,0.0,-0.037593985,0.0,17.0347863,-5840000.0,-1.0,-1321161.815,22216000.0,-1.0,-1.0
2/22/2022,0.635,0.635,0.62,7210000.0,0.625,1576.96,0.0,0.0,0.0,-0.015748031,-0.0078125,15.79097951,-17800000.0,-1.0,-101304.5506,21688000.0,-1.0,-1.0
2/23/2022,0.625,0.65,0.625,23650000.0,0.63,1586.14,0.0,0.0,0.0,0.008,0.0,16.97887367,16440000.0,-1.0,103720.4988,23022000.0,-1.0,-1.0
2/24/2022,0.62,0.63,0.605,18570000.0,0.615,1573.89,0.0,0.0,0.0,-0.008064516,-0.015873016,16.73705793,-5080000.0,-1.0,-864528.5433,21058000.0,-1.0,-1.0
2/25/2022,0.625,0.655,0.625,17850000.0,0.64,1591.72,0.0,0.0,0.0,0.024,0.016260163,16.69751407,-720000.0,-1.0,-4603812.5,18458000.0,-1.0,-1.0
2/28/2022,0.64,0.645,0.615,9280000.0,0.625,1608.28,0.0,0.0,0.0,-0.0234375,0.0,16.0433721,-8570000.0,-1.0,-193288.2147,15312000.0,-1.0,-1.0
3/1/2022,0.625,0.635,0.62,6390000.0,0.635,1596.44,0.0,0.0,0.0,0.016,0.0,15.67024483,-2890000.0,-1.0,-205187.5433,15148000.0,-1.0,-1.0
3/2/2022,0.635,0.635,0.625,6740000.0,0.63,1598.1,0.0,0.0,0.0,-0.007874016,0.0,15.72357048,350000.0,-1.0,1230531.429,11766000.0,-1.0,-1.0
3/3/2022,0.635,0.66,0.63,20830000.0,0.65,1618.54,0.0,0.0,0.0,0.023622047,0.007936508,16.85190481,14090000.0,-1.0,99641.022,12218000.0,-1.0,-1.0
3/4/2022,0.645,0.645,0.625,9080000.0,0.625,1603.94,0.0,0.0,0.0,-0.031007752,-0.007692308,16.02158475,-11750000.0,-1.0,-160967.1489,10464000.0,-1.0,-1.0
3/7/2022,0.635,0.64,0.625,9570000.0,0.625,1572.56,0.0,0.0,0.0,-0.015748031,0.016,16.07414376,490000.0,-1.0,1773379.592,10522000.0,-1.0,-1.0
3/8/2022,0.625,0.675,0.62,45000000.0,0.665,1546.87,0.0,0.0,0.0,0.064,0.0,17.62217305,35430000.0,-1.0,121549.5343,18244000.0,-1.0,-1.0
3/9/2022,0.68,0.69,0.64,40500000.0,0.64,1562.33,0.0,0.0,0.0,-0.058823529,0.022556391,17.51681253,-4500000.0,-1.0,-4050000.0,24996000.0,-1.0,-1.0
3/10/2022,0.65,0.67,0.64,15780000.0,0.66,1580.53,0.0,0.0,0.0,0.015384615,0.015625,16.57425387,-24720000.0,-1.0,-258531.5534,23986000.0,-1.0,-1.0
3/11/2022,0.625,0.64,0.615,23760000.0,0.635,1568.22,0.0,0.0,0.0,0.016,-0.053030303,16.98351405,7980000.0,-1.0,469840.6015,26922000.0,-1.0,-1.0
3/14/2022,0.63,0.63,0.615,12330000.0,0.62,1567.44,0.0,0.0,0.0,-0.015873016,-0.007874016,16.32754588,-11430000.0,-1.0,-256308.6614,27474000.0,-1.0,-1.0
3/15/2022,0.615,0.62,0.61,7940000.0,0.62,1557.41,0.0,0.0,0.0,0.008130081,-0.008064516,15.88742383,-4390000.0,-1.0,-223007.2893,20062000.0,-1.0,-1.0
3/16/2022,0.63,0.63,0.61,11930000.0,0.62,1571.32,0.0,0.0,0.0,-0.015873016,0.016129032,16.29456679,3990000.0,-1.0,237404.01,14348000.0,-1.0,-1.0
3/17/2022,0.625,0.635,0.62,8490000.0,0.63,1590.88,0.0,0.0,0.0,0.008,0.008064516,15.95439956,-3440000.0,-2520000.0,-294435.1744,12890000.0,-1.0,-1.0
3/18/2022,0.62,0.64,0.62,74790000.0,0.62,1591.26,0.0,0.0,0.0,0.0,-0.015873016,18.13019474,66300000.0,67520000.0,95771.80995,23096000.0,-1.0,-1.0
3/21/2022,0.62,0.63,0.615,12810000.0,0.615,1587.16,0.0,0.0,0.0,-0.008064516,0.0,16.36573667,-61980000.0,5690000.0,-154575.6534,23192000.0,-1.0,-1.0
3/22/2022,0.615,0.63,0.615,6710000.0,0.625,1585.81,0.0,0.0,0.0,0.016260163,0.0,15.71910951,-6100000.0,-6230000.0,-140910.0,22946000.0,-1.0,-1.0
3/23/2022,0.63,0.645,0.625,16500000.0,0.63,1597.88,0.0,0.0,0.0,0.0,0.008,16.61887094,9790000.0,10810000.0,113089.8876,23860000.0,-1.0,-1.0
3/24/2022,0.635,0.67,0.63,33800000.0,0.66,1598.97,0.0,0.0,0.0,0.039370079,0.007936508,17.33597136,17300000.0,19000000.0,322369.9422,28922000.0,-1.0,-1.0
3/25/2022,0.66,0.69,0.66,28970000.0,0.67,1603.3,0.0,0.0,0.0,0.015151515,0.0,17.18177137,-4830000.0,14990000.0,-2027300.207,19758000.0,-1.0,-1.0
3/28/2022,0.675,0.685,0.65,23640000.0,0.655,1597.95,0.0,0.0,0.0,-0.02962963,0.007462687,16.97845075,-5330000.0,6290000.0,-1284898.311,21924000.0,-1.0,-1.0
3/29/2022,0.66,0.685,0.655,18350000.0,0.68,1583.42,0.0,0.0,0.0,0.03030303,0.007633588,16.72514013,-5290000.0,-26950000.0,-820026.465,24252000.0,-1.0,-1.0
3/30/2022,0.685,0.755,0.685,148880000.0,0.75,1583.22,0.0,0.0,0.0,0.094890511,0.007352941,18.81865117,130530000.0,-182090000.0,209296.5602,50728000.0,-1.0,-1.0
3/31/2022,0.75,0.765,0.73,56910000.0,0.735,1587.36,0.0,0.0,0.0,-0.02,0.0,17.85698163,-91970000.0,-7450000.0,-921252.6693,55350000.0,-1.0,-1.0
4/1/2022,0.74,0.75,0.715,25160000.0,0.725,1602.41,0.0,0.0,0.0,-0.02027027,0.006802721,17.04076599,-31750000.0,-33830000.0,-450978.1417,54588000.0,-1.0,-1.0
4/4/2022,0.73,0.75,0.72,27790000.0,0.72,1598.92,0.0,0.0,0.0,-0.01369863,0.006896552,17.1401868,2630000.0,9450000.0,2658541.445,55418000.0,-1.0,-1.0
4/5/2022,0.725,0.74,0.715,16400000.0,0.735,1596.79,0.0,0.0,0.0,0.013793103,0.006944444,16.61279189,-11390000.0,-2510000.0,-400136.9622,55028000.0,-1.0,-1.0
4/6/2022,0.73,0.745,0.72,16770000.0,0.725,1604.72,0.0,0.0,0.0,-0.006849315,-0.006802721,16.63510213,370000.0,10560000.0,7433189.189,28606000.0,-1.0,-1.0
4/7/2022,0.72,0.725,0.7,20820000.0,0.7,1600.79,0.0,0.0,0.0,-0.027777778,-0.006896552,16.85142462,4050000.0,10030000.0,862102.2222,21388000.0,-1.0,-1.0
4/8/2022,0.705,0.72,0.7,12350000.0,0.71,1607.29,0.0,0.0,0.0,0.007092199,0.007142857,16.32916662,-8470000.0,8250000.0,-303573.7898,18826000.0,-1.0,-1.0
4/11/2022,0.72,0.72,0.7,13330000.0,0.7,1604.61,0.0,0.0,0.0,-0.027777778,0.014084507,16.40552769,980000.0,8020000.0,1679852.041,15934000.0,-1.0,-1.0
4/12/2022,0.7,0.7,0.68,17390000.0,0.69,1597.13,0.0,0.0,0.0,-0.014285714,0.0,16.67140589,4060000.0,11870000.0,570957.3892,16132000.0,-1.0,-1.0
4/13/2022,0.695,0.71,0.695,11370000.0,0.7,1597.18,0.0,0.0,0.0,0.007194245,0.007246377,16.24648887,-6020000.0,-12790000.0,-328445.6811,15052000.0,-1.0,-1.0
4/14/2022,0.71,0.72,0.7,11070000.0,0.705,1595.7,0.0,0.0,0.0,-0.007042254,0.014285714,16.2197493,-300000.0,-4590000.0,-4195530.0,13102000.0,-1.0,-1.0
4/15/2022,0.71,0.71,0.7,3020000.0,0.705,1589.01,0.0,0.0,0.0,-0.007042254,0.007092199,14.92076739,-8050000.0,-960000.0,-41529.68944,11236000.0,-1.0,-1.0
4/18/2022,0.705,0.715,0.7,4270000.0,0.705,1581.14,0.0,0.0,0.0,0.0,0.0,15.26712439,1250000.0,-10480000.0,103163.2,9424000.0,-1.0,-1.0
4/20/2022,0.705,0.73,0.705,20380000.0,0.71,1593.75,0.0,0.0,0.0,0.007092199,0.0,16.83006459,16110000.0,-64240000.0,54017.75295,10022000.0,-1.0,-1.0
4/21/2022,0.715,0.725,0.71,5670000.0,0.715,1598.32,0.0,0.0,0.0,0.0,0.007042254,15.55069968,-14710000.0,-77370000.0,-78555.13256,8882000.0,-1.0,-1.0
4/22/2022,0.72,0.72,0.7,9650000.0,0.705,1601.97,0.0,0.0,0.0,-0.020833333,0.006993007,16.08246847,3980000.0,-8290000.0,137476.1307,8598000.0,-1.0,-1.0
4/25/2022,0.705,0.705,0.69,11680000.0,0.69,1589.98,0.0,0.0,0.0,-0.021276596,0.0,16.27338854,2030000.0,-4680000.0,555231.5271,10330000.0,-1.0,-1.0
4/26/2022,0.7,0.72,0.7,9460000.0,0.705,1596.68,0.0,0.0,0.0,0.007142857,0.014492754,16.06258294,-2220000.0,-5220000.0,-497715.3153,11368000.0,-1.0,-1.0
4/27/2022,0.7,0.705,0.69,5310000.0,0.7,1585.98,0.0,0.0,0.0,0.0,-0.007092199,15.48510239,-4150000.0,-4540000.0,-121042.4096,8354000.0,-1.0,-1.0
4/28/2022,0.705,0.71,0.7,11590000.0,0.705,1597.31,0.0,0.0,0.0,0.0,0.007142857,16.26565322,6280000.0,-5390000.0,97998.24841,9538000.0,-1.0,-1.0
4/29/2022,0.71,0.74,0.705,45240000.0,0.72,1600.43,0.0,0.0,0.0,0.014084507,0.007092199,17.62749221,33650000.0,16850000.0,155819.1976,16656000.0,-1.0,-1.0
5/5/2022,0.725,0.735,0.72,7680000.0,0.725,1582.98,0.0,0.0,0.0,0.0,0.006944444,15.85413011,-37560000.0,-23170000.0,-92503.51438,15856000.0,-1.0,-1.0
5/6/2022,0.725,0.725,0.705,7990000.0,0.72,1564.34,0.0,0.0,0.0,-0.006896552,0.0,15.89370132,310000.0,-17020000.0,1979458.065,15562000.0,-1.0,-1.0
5/9/2022,0.72,0.72,0.705,11460000.0,0.705,1549.18,0.0,0.0,0.0,-0.020833333,0.0,16.25437327,3470000.0,4250000.0,263877.2334,16792000.0,-1.0,-1.0
5/10/2022,0.705,0.705,0.7,7830000.0,0.7,1554.58,0.0,0.0,0.0,-0.007092199,0.0,15.87347307,-3630000.0,-15820000.0,-247195.0413,16040000.0,-1.0,-1.0
5/11/2022,0.7,0.71,0.69,7690000.0,0.71,1555.93,0.0,0.0,0.0,0.014285714,0.0,15.85543134,-140000.0,-10880000.0,-4300907.143,8530000.0,-1.0,-1.0
5/12/2022,0.71,0.715,0.69,12730000.0,0.7,1538.8,0.0,0.0,0.0,-0.014084507,0.0,16.35947197,5040000.0,-5120000.0,194233.5317,9540000.0,-1.0,-1.0
5/13/2022,0.7,0.705,0.69,14560000.0,0.69,1544.41,0.0,0.0,0.0,-0.014285714,0.0,16.4937886,1830000.0,5280000.0,1012834.973,10854000.0,-1.0,-1.0
5/17/2022,0.695,0.705,0.69,14870000.0,0.7,1548.6,0.0,0.0,0.0,0.007194245,0.007246377,16.51485632,310000.0,8480000.0,6984103.226,11536000.0,-1.0,-1.0
5/18/2022,0.7,0.705,0.69,7110000.0,0.705,1554.91,0.0,0.0,0.0,0.007142857,0.0,15.7770128,-7760000.0,370000.0,-136244.4588,11392000.0,-1.0,-1.0
5/19/2022,0.69,0.7,0.69,8540000.0,0.69,1549.41,0.0,0.0,0.0,0.0,-0.021276596,15.96027157,1430000.0,-12290000.0,424611.1888,11562000.0,-1.0,-1.0
5/20/2022,0.695,0.71,0.69,6810000.0,0.7,1549.12,0.0,0.0,0.0,0.007194245,0.007246377,15.73390268,-1730000.0,-2270000.0,-336169.9422,10378000.0,-1.0,-1.0
5/23/2022,0.705,0.71,0.69,8160000.0,0.695,1542.53,0.0,0.0,0.0,-0.014184397,0.007142857,15.91475473,1350000.0,-1410000.0,411626.6667,9098000.0,-1.0,-1.0
5/24/2022,0.695,0.7,0.66,18010000.0,0.68,1531.3,0.0,0.0,0.0,-0.021582734,0.0,16.70643772,9850000.0,-26990000.0,149199.5939,9726000.0,-1.0,-1.0
5/25/2022,0.68,0.68,0.655,10170000.0,0.67,1535.56,0.0,0.0,0.0,-0.014705882,0.0,16.13495277,-7840000.0,-30330000.0,-233624.6173,10338000.0,-1.0,-1.0
5/26/2022,0.67,0.675,0.66,2880000.0,0.665,1541.15,0.0,0.0,0.0,-0.007462687,0.0,14.87330085,-7290000.0,-12900000.0,-40177.77778,9206000.0,-1.0,-1.0
5/27/2022,0.655,0.655,0.63,13970000.0,0.635,1546.76,0.0,0.0,0.0,-0.030534351,-0.015037594,16.45242273,11090000.0,-9790000.0,36279.17042,10638000.0,-1.0,-1.0
5/30/2022,0.635,0.65,0.635,4240000.0,0.64,1543.02,0.0,0.0,0.0,0.007874016,0.0,15.26007383,-9730000.0,-8090000.0,-60876.46454,9854000.0,-1.0,-1.0
5/31/2022,0.645,0.665,0.625,11930000.0,0.65,1570.1,0.0,0.0,0.0,0.007751938,0.0078125,16.29456679,7690000.0,3990000.0,65777.89337,8638000.0,-1.0,-1.0
6/1/2022,0.65,0.66,0.645,3380000.0,0.655,1553.41,0.0,0.0,0.0,0.007692308,0.0,15.03338627,-8550000.0,-8550000.0,-47161.87135,7280000.0,-1.0,-1.0
6/2/2022,0.66,0.66,0.645,5090000.0,0.655,1549.9,0.0,0.0,0.0,-0.007575758,0.007633588,15.44278839,1710000.0,-3400000.0,100609.3567,7722000.0,-1.0,-1.0
6/3/2022,0.66,0.66,0.65,1880000.0,0.655,1537.83,0.0,0.0,0.0,-0.007575758,0.007633588,14.44678233,-3210000.0,-72910000.0,-29810.5919,5304000.0,-1.0,-1.0
6/7/2022,0.655,0.67,0.655,3540000.0,0.67,1525.93,0.0,0.0,0.0,0.022900763,0.0,15.07963729,1660000.0,-9270000.0,40091.56627,5164000.0,-1.0,-1.0
6/8/2022,0.665,0.675,0.66,2470000.0,0.67,1523.86,0.0,0.0,0.0,0.007518797,-0.007462687,14.71972871,-1070000.0,-4240000.0,-81717.75701,3272000.0,-1.0,-1.0
6/9/2022,0.67,0.675,0.66,1400000.0,0.66,1509.71,0.0,0.0,0.0,-0.014925373,0.0,14.15198279,-1070000.0,-15100000.0,-32317.75701,2876000.0,-1.0,-1.0
6/10/2022,0.66,0.66,0.64,5790000.0,0.645,1493.95,0.0,0.0,0.0,-0.022727273,0.0,15.57164285,4390000.0,-28010000.0,18464.69248,3016000.0,-1.0,-1.0
6/13/2022,0.645,0.645,0.605,12110000.0,0.615,1464.83,0.0,0.0,0.0,-0.046511628,0.0,16.30954212,6320000.0,-16860000.0,110944.462,5062000.0,-1.0,-1.0
6/14/2022,0.61,0.61,0.595,12830000.0,0.595,1481.28,0.0,0.0,0.0,-0.024590164,-0.008130081,16.36729674,720000.0,-10810000.0,2157934.722,6920000.0,-1.0,-1.0
6/15/2022,0.6,0.6,0.58,6960000.0,0.585,1459.05,0.0,0.0,0.0,-0.025,0.008403361,15.75569003,-5870000.0,-11390000.0,-152124.0204,7818000.0,-1.0,-1.0
6/16/2022,0.59,0.6,0.585,6120000.0,0.585,1472.77,0.0,0.0,0.0,-0.008474576,0.008547009,15.62707265,-840000.0,-142760000.0,-507085.7143,8762000.0,-1.0,-1.0
6/17/2022,0.58,0.585,0.58,4270000.0,0.58,1456.74,0.0,0.0,0.0,0.0,-0.008547009,15.26712439,-1850000.0,-52640000.0,-141256.2162,8458000.0,-1.0,-1.0
6/20/2022,0.59,0.6,0.58,3300000.0,0.59,1441.24,0.0,0.0,0.0,0.0,0.017241379,15.00943303,-970000.0,-21860000.0,-145268.0412,6696000.0,-1.0,-1.0
6/21/2022,0.595,0.62,0.595,5680000.0,0.605,1457.88,0.0,0.0,0.0,0.016806723,0.008474576,15.55246179,2380000.0,-22110000.0,78756.30252,5266000.0,-1.0,-1.0
6/22/2022,0.61,0.62,0.6,3060000.0,0.6,1431.1,0.0,0.0,0.0,-0.016393443,0.008264463,14.93392547,-2620000.0,-13340000.0,-66338.9313,4486000.0,-1.0,-1.0
6/23/2022,0.6,0.605,0.595,2290000.0,0.6,1431.05,0.0,0.0,0.0,0.0,0.0,14.64406238,-770000.0,-14480000.0,-91005.19481,3720000.0,-1.0,-1.0
6/24/2022,0.6,0.61,0.6,2560000.0,0.61,1436.7,0.0,0.0,0.0,0.016666667,0.0,14.75551782,270000.0,-18260000.0,217125.9259,3378000.0,-1.0,-1.0
6/27/2022,0.61,0.62,0.605,2770000.0,0.61,1438.12,0.0,0.0,0.0,0.0,0.0,14.83435788,210000.0,-9580000.0,337676.1905,3272000.0,-1.0,-1.0
6/28/2022,0.61,0.62,0.6,2490000.0,0.61,1454.74,0.0,0.0,0.0,0.0,0.0,14.72779327,-280000.0,-10840000.0,-246332.1429,2634000.0,-1.0,-1.0
6/29/2022,0.605,0.62,0.605,2480000.0,0.615,1451.48,0.0,0.0,0.0,0.016528926,-0.008196721,14.72376912,-10000.0,-14910000.0,-6175200.0,2518000.0,-1.0,-1.0
6/30/2022,0.615,0.63,0.605,4770000.0,0.61,1444.22,0.0,0.0,0.0,-0.008130081,0.0,15.37785686,2290000.0,-6600000.0,51657.64192,3014000.0,-1.0,-1.0
7/1/2022,0.615,0.62,0.61,2410000.0,0.615,1449.74,0.0,0.0,0.0,0.0,0.008196721,14.69513731,-2360000.0,-8660000.0,-48710.59322,2984000.0,-1.0,-1.0
7/4/2022,0.615,0.635,0.605,6130000.0,0.615,1437.52,0.0,0.0,0.0,0.0,0.0,15.62870531,3720000.0,3110000.0,39713.17204,3656000.0,-1.0,-1.0
7/5/2022,0.615,0.625,0.605,2580000.0,0.625,1440.81,0.0,0.0,0.0,0.016260163,0.0,14.76329996,-3550000.0,-1690000.0,-44550.42254,3674000.0,-1.0,-1.0
7/6/2022,0.62,0.625,0.61,2510000.0,0.61,1420.85,0.0,0.0,0.0,-0.016129032,-0.008,14.73579331,-70000.0,-17870000.0,-925114.2857,3680000.0,-1.0,-1.0
7/7/2022,0.61,0.625,0.605,3420000.0,0.62,1418.69,0.0,0.0,0.0,0.016393443,0.0,15.04515111,910000.0,-2250000.0,94331.86813,3410000.0,-1.0,-1.0
7/8/2022,0.62,0.625,0.615,1410000.0,0.62,1425.79,0.0,0.0,0.0,0.0,0.0,14.15910026,-2010000.0,-8240000.0,-23991.04478,3210000.0,-1.0,-1.0
7/12/2022,0.615,0.625,0.6,7690000.0,0.62,1426.08,0.0,0.0,0.0,0.008130081,-0.008064516,15.85543134,6280000.0,-3990000.0,17265.76433,3522000.0,-1.0,-1.0
7/13/2022,0.62,0.63,0.615,5360000.0,0.62,1411.32,0.0,0.0,0.0,0.0,0.0,15.49447453,-2330000.0,-4100000.0,-176903.0043,4078000.0,-1.0,-1.0
7/14/2022,0.62,0.635,0.62,9370000.0,0.63,1420.06,0.0,0.0,0.0,0.016129032,0.0,16.05302365,4010000.0,4060000.0,125244.8878,5450000.0,-1.0,-1.0
7/15/2022,0.635,0.65,0.63,6020000.0,0.645,1418.44,0.0,0.0,0.0,0.015748031,0.007936508,15.61059782,-3350000.0,-5570000.0,-168380.2985,5970000.0,-1.0,-1.0
7/18/2022,0.65,0.66,0.635,11090000.0,0.65,1429.54,0.0,0.0,0.0,0.0,0.007751938,16.22155436,5070000.0,-34150000.0,131680.0789,7906000.0,-1.0,-1.0
7/19/2022,0.65,0.67,0.645,9250000.0,0.665,1428.76,0.0,0.0,0.0,0.023076923,0.0,16.04013411,-1840000.0,1570000.0,-557513.587,8218000.0,-1.0,-1.0
7/20/2022,0.665,0.68,0.65,7590000.0,0.68,1436.98,0.0,0.0,0.0,0.022556391,0.0,15.84234215,-1660000.0,-400000.0,-422936.747,8664000.0,-1.0,-1.0
7/21/2022,0.68,0.68,0.66,2940000.0,0.66,1450.32,0.0,0.0,0.0,-0.029411765,0.0,14.89392014,-4650000.0,-8520000.0,-47988.3871,7378000.0,-1.0,-1.0
7/22/2022,0.66,0.675,0.655,2830000.0,0.66,1465.8,0.0,0.0,0.0,0.0,0.0,14.85578727,-110000.0,-5000000.0,-756381.8182,6740000.0,-1.0,-1.0
7/25/2022,0.66,0.665,0.64,3870000.0,0.64,1469.22,0.0,0.0,0.0,-0.03030303,0.0,15.16876507,1040000.0,-3820000.0,105308.6538,5296000.0,-1.0,-1.0
7/26/2022,0.64,0.65,0.63,4170000.0,0.64,1463.69,0.0,0.0,0.0,0.0,0.0,15.24342659,300000.0,-8560000.0,537930.0,4280000.0,-1.0,-1.0
7/27/2022,0.64,0.65,0.635,1670000.0,0.64,1470.71,0.0,0.0,0.0,0.0,0.0,14.32833418,-2500000.0,-12890000.0,-27855.6,3096000.0,-1.0,-1.0
7/28/2022,0.65,0.655,0.64,3060000.0,0.645,1491.2,0.0,0.0,0.0,-0.007692308,0.015625,14.93392547,1390000.0,-11810000.0,36764.02878,3120000.0,-1.0,-1.0
7/29/2022,0.64,0.66,0.64,4580000.0,0.655,1492.23,0.0,0.0,0.0,0.0234375,-0.007751938,15.33720956,1520000.0,-2530000.0,92202.63158,3470000.0,-1.0,-1.0
8/1/2022,0.655,0.66,0.65,2940000.0,0.65,1502.07,0.0,0.0,0.0,-0.007633588,0.0,14.89392014,-1640000.0,-5600000.0,-82104.87805,3284000.0,-1.0,-1.0
8/2/2022,0.65,0.65,0.625,5560000.0,0.625,1495.05,0.0,0.0,0.0,-0.038461538,0.0,15.53110867,2620000.0,-1250000.0,62390.83969,3562000.0,-1.0,-1.0
8/3/2022,0.625,0.645,0.62,3240000.0,0.64,1490.57,0.0,0.0,0.0,0.024,0.0,14.99108389,-2320000.0,-4920000.0,-77648.27586,3876000.0,-1.0,-1.0
8/4/2022,0.645,0.665,0.64,6130000.0,0.66,1507.71,0.0,0.0,0.0,0.023255814,0.0078125,15.62870531,2890000.0,-11880000.0,68723.87543,4490000.0,-1.0,-1.0
8/5/2022,0.665,0.675,0.655,6710000.0,0.66,1501.55,0.0,0.0,0.0,-0.007518797,0.007575758,15.71910951,580000.0,-3460000.0,709177.5862,4916000.0,-1.0,-1.0
8/8/2022,0.66,0.665,0.645,3130000.0,0.65,1496.03,0.0,0.0,0.0,-0.015151515,0.0,14.95654356,-3580000.0,250000.0,-58665.64246,4954000.0,-1.0,-1.0
8/9/2022,0.65,0.66,0.64,2050000.0,0.645,1497.68,0.0,0.0,0.0,-0.007692308,0.0,14.53335035,-1080000.0,-11920000.0,-59412.03704,4252000.0,-1.0,-1.0
8/10/2022,0.645,0.65,0.635,6100000.0,0.635,1492.33,0.0,0.0,0.0,-0.015503876,0.0,15.62379933,4050000.0,1860000.0,30876.54321,4824000.0,-1.0,-1.0
8/11/2022,0.645,0.655,0.64,3020000.0,0.645,1505.56,0.0,0.0,0.0,0.0,0.015748031,14.92076739,-3080000.0,-8910000.0,-59811.68831,4202000.0,-1.0,-1.0
8/12/2022,0.645,0.655,0.64,5110000.0,0.65,1506.19,0.0,0.0,0.0,0.007751938,0.0,15.44670996,2090000.0,1730000.0,73838.27751,3882000.0,-1.0,-1.0
8/15/2022,0.655,0.66,0.625,10360000.0,0.66,1504.01,0.0,0.0,0.0,0.007633588,0.007692308,16.15346279,5250000.0,5270000.0,100837.3333,5328000.0,-1.0,-1.0
8/16/2022,0.66,0.665,0.65,4960000.0,0.66,1518.78,0.0,0.0,0.0,0.0,0.0,15.4169163,-5400000.0,3080000.0,-95158.51852,5910000.0,-1.0,-1.0
8/17/2022,0.655,0.66,0.65,4140000.0,0.66,1518.16,0.0,0.0,0.0,0.007633588,-0.007575758,15.23620635,-820000.0,600000.0,-250419.5122,5518000.0,-1.0,-1.0
8/18/2022,0.66,0.665,0.65,11710000.0,0.665,1516.62,0.0,0.0,0.0,0.007575758,0.0,16.27595374,7570000.0,9240000.0,64041.47952,7256000.0,-1.0,-1.0
8/19/2022,0.665,0.67,0.65,5700000.0,0.65,1504.44,0.0,0.0,0.0,-0.022556391,0.0,15.55597673,-6010000.0,4300000.0,-111059.9002,7374000.0,-1.0,-1.0
8/22/2022,0.65,0.65,0.635,9330000.0,0.645,1487.37,0.0,0.0,0.0,-0.007692308,0.0,16.04874557,3630000.0,3540000.0,146504.1322,7168000.0,-1.0,-1.0
8/23/2022,0.645,0.645,0.635,3960000.0,0.64,1482.57,0.0,0.0,0.0,-0.007751938,0.0,15.19175458,-5370000.0,-8150000.0,-68802.23464,6968000.0,-1.0,-1.0
8/24/2022,0.64,0.645,0.63,4940000.0,0.63,1467.26,0.0,0.0,0.0,-0.015625,0.0,15.41287589,980000.0,-7890000.0,199616.3265,7128000.0,-1.0,-1.0
8/25/2022,0.635,0.635,0.62,5570000.0,0.625,1495.49,0.0,0.0,0.0,-0.015748031,0.007936508,15.53290561,630000.0,-1390000.0,436758.7302,5900000.0,-1.0,-1.0
8/26/2022,0.63,0.635,0.625,5390000.0,0.625,1500.29,0.0,0.0,0.0,-0.007936508,0.008,15.50005594,-180000.0,-730000.0,-1667905.556,5838000.0,-1.0,-1.0
8/29/2022,0.62,0.62,0.6,5610000.0,0.605,1501.57,0.0,0.0,0.0,-0.024193548,-0.008,15.54006128,220000.0,1340000.0,1374450.0,5094000.0,-1.0,-1.0
8/30/2022,0.605,0.61,0.6,4310000.0,0.605,1512.05,0.0,0.0,0.0,0.0,0.0,15.27644846,-1300000.0,1010000.0,-185993.0769,5164000.0,-1.0,-1.0
9/1/2022,0.605,0.61,0.6,4360000.0,0.6,1491.95,0.0,0.0,0.0,-0.008264463,0.0,15.28798262,50000.0,-1320000.0,3758320.0,5048000.0,-1.0,-1.0
9/2/2022,0.605,0.625,0.6,3440000.0,0.62,1491.18,0.0,0.0,0.0,0.024793388,0.008333333,15.05098203,-920000.0,380000.0,-163026.087,4622000.0,-1.0,-1.0
9/5/2022,0.62,0.625,0.605,1570000.0,0.605,1489.8,0.0,0.0,0.0,-0.024193548,0.0,14.26658618,-1870000.0,-720000.0,-28881.28342,3858000.0,-1.0,-1.0
9/6/2022,0.615,0.615,0.61,1070000.0,0.615,1488.27,0.0,0.0,0.0,0.0,0.016528926,13.88316921,-500000.0,-1490000.0,-33598.0,2950000.0,-1.0,-1.0
9/7/2022,0.61,0.625,0.605,4700000.0,0.625,1491.35,0.0,0.0,0.0,0.024590164,-0.008130081,15.36307307,3630000.0,1930000.0,13853.99449,3028000.0,-1.0,-1.0
9/8/2022,0.625,0.64,0.62,5130000.0,0.64,1494.73,0.0,0.0,0.0,0.024,0.0,15.45061622,430000.0,2640000.0,560720.9302,3182000.0,-1.0,-1.0
9/9/2022,0.635,0.655,0.635,4650000.0,0.645,1496.53,0.0,0.0,0.0,0.015748031,-0.0078125,15.35237778,-480000.0,2170000.0,-496968.75,3424000.0,-1.0,-1.0
9/12/2022,0.645,0.65,0.635,2960000.0,0.635,1497.96,0.0,0.0,0.0,-0.015503876,0.0,14.90069983,-1690000.0,-1810000.0,-81443.78698,3702000.0,-1.0,-1.0
9/13/2022,0.635,0.65,0.635,4780000.0,0.65,1487.84,0.0,0.0,0.0,0.023622047,0.0,15.3799511,1820000.0,2370000.0,77740.65934,4444000.0,-1.0,-1.0
9/14/2022,0.645,0.65,0.635,3550000.0,0.635,1468.44,0.0,0.0,0.0,-0.015503876,-0.007692308,15.08245816,-1230000.0,-2580000.0,-137959.3496,4214000.0,-1.0,-1.0
9/15/2022,0.635,0.645,0.62,5550000.0,0.62,1467.31,0.0,0.0,0.0,-0.023622047,0.0,15.52930849,2000000.0,2970000.0,98512.5,4298000.0,-1.0,-1.0
9/19/2022,0.615,0.62,0.605,5970000.0,0.62,1451.52,0.0,0.0,0.0,0.008130081,-0.008064516,15.60225749,420000.0,3460000.0,788892.8571,4562000.0,-1.0,-1.0
9/20/2022,0.615,0.635,0.615,2480000.0,0.635,1461.1,0.0,0.0,0.0,0.032520325,-0.008064516,14.72376912,-3490000.0,-940000.0,-42422.92264,4466000.0,-1.0,-1.0
9/21/2022,0.63,0.64,0.625,3830000.0,0.635,1447.18,0.0,0.0,0.0,0.007936508,-0.007874016,15.15837536,1350000.0,2420000.0,70358.51852,4276000.0,-1.0,-1.0
9/22/2022,0.635,0.65,0.63,4360000.0,0.64,1439.16,0.0,0.0,0.0,0.007874016,0.0,15.28798262,530000.0,-3330000.0,315071.6981,4438000.0,-1.0,-1.0
9/23/2022,0.64,0.65,0.635,3640000.0,0.64,1424.98,0.0,0.0,0.0,0.0,0.0,15.10749424,-720000.0,-1720000.0,-220422.2222,4056000.0,-1.0,-1.0
9/26/2022,0.64,0.65,0.635,4950000.0,0.64,1413.04,0.0,0.0,0.0,0.0,0.0,15.41489813,1310000.0,-4420000.0,137541.9847,3852000.0,-1.0,-1.0
9/27/2022,0.64,0.645,0.635,4670000.0,0.64,1410.87,0.0,0.0,0.0,0.0,0.0,15.35666963,-280000.0,-1350000.0,-825589.2857,4290000.0,-1.0,-1.0
9/28/2022,0.64,0.64,0.62,5400000.0,0.63,1401.89,0.0,0.0,0.0,-0.015625,0.0,15.50190951,730000.0,-5690000.0,345452.0548,4604000.0,-1.0,-1.0
9/29/2022,0.63,0.64,0.61,6660000.0,0.61,1397.5,0.0,0.0,0.0,-0.031746032,0.0,15.71163004,1260000.0,-2590000.0,285428.5714,5064000.0,-1.0,-1.0
9/30/2022,0.615,0.63,0.615,2910000.0,0.625,1394.63,0.0,0.0,0.0,0.016260163,0.008196721,14.88366364,-3750000.0,-4680000.0,-51681.6,4918000.0,-1.0,-1.0
10/3/2022,0.625,0.63,0.62,2120000.0,0.625,1397.62,0.0,0.0,0.0,0.0,0.0,14.56692665,-790000.0,-820000.0,-78091.13924,4352000.0,-1.0,-1.0
10/4/2022,0.63,0.635,0.625,3330000.0,0.635,1409.36,0.0,0.0,0.0,0.007936508,0.008,15.01848286,1210000.0,500000.0,58343.80165,4084000.0,-1.0,-1.0
10/5/2022,0.635,0.645,0.63,4750000.0,0.64,1420.55,0.0,0.0,0.0,0.007874016,0.0,15.37365518,1420000.0,880000.0,111390.8451,3954000.0,-1.0,-1.0
10/6/2022,0.64,0.645,0.635,4370000.0,0.64,1420.43,0.0,0.0,0.0,0.0,0.0,15.29027357,-380000.0,200000.0,-546250.0,3496000.0,-1.0,-1.0
10/7/2022,0.64,0.645,0.635,3090000.0,0.64,1406.0,0.0,0.0,0.0,0.0,0.0,14.94368165,-1280000.0,1420000.0,-105494.5313,3532000.0,-1.0,-1.0
10/11/2022,0.635,0.635,0.62,2500000.0,0.62,1386.82,0.0,0.0,0.0,-0.023622047,-0.0078125,14.73180129,-590000.0,-560000.0,-130932.2034,3608000.0,-1.0,-1.0
10/12/2022,0.62,0.63,0.615,1540000.0,0.62,1380.57,0.0,0.0,0.0,0.0,0.0,14.24729297,-960000.0,-3040000.0,-40104.16667,3250000.0,-1.0,-1.0
10/13/2022,0.62,0.63,0.61,6250000.0,0.61,1373.36,0.0,0.0,0.0,-0.016129032,0.0,15.64809202,4710000.0,3310000.0,20435.24416,3550000.0,-1.0,-1.0
10/14/2022,0.615,0.62,0.61,3830000.0,0.615,1382.47,0.0,0.0,0.0,0.0,0.008196721,15.15837536,-2420000.0,-1730000.0,-98915.28926,3442000.0,-1.0,-1.0
10/17/2022,0.615,0.62,0.61,2960000.0,0.62,1386.27,0.0,0.0,0.0,0.008130081,0.0,14.90069983,-870000.0,-280000.0,-130308.046,3416000.0,-1.0,-1.0
10/18/2022,0.615,0.62,0.61,2980000.0,0.615,1400.36,0.0,0.0,0.0,0.0,-0.008064516,14.90743386,20000.0,-3150000.0,4410400.0,3512000.0,-1.0,-1.0
10/19/2022,0.615,0.62,0.615,2310000.0,0.615,1415.1,0.0,0.0,0.0,0.0,0.0,14.65275808,-670000.0,-4400000.0,-102743.2836,3666000.0,-1.0,-1.0
10/20/2022,0.615,0.62,0.615,1010000.0,0.615,1437.72,0.0,0.0,0.0,0.0,0.0,13.82546089,-1300000.0,-2120000.0,-17946.92308,2618000.0,-1.0,-1.0
10/21/2022,0.615,0.62,0.615,1310000.0,0.615,1446.42,0.0,0.0,0.0,0.0,0.0,14.0855377,300000.0,-740000.0,44103.33333,2114000.0,-1.0,-1.0
10/25/2022,0.62,0.625,0.615,2900000.0,0.615,1444.41,0.0,0.0,0.0,-0.008064516,0.008130081,14.88022129,1590000.0,-3200000.0,23893.08176,2102000.0,-1.0,-1.0
10/26/2022,0.62,0.62,0.615,1300000.0,0.62,1454.98,0.0,0.0,0.0,0.0,0.008130081,14.07787482,-1600000.0,-1720000.0,-23562.5,1766000.0,-1.0,-1.0
10/27/2022,0.62,0.62,0.615,2780000.0,0.615,1454.09,0.0,0.0,0.0,-0.008064516,0.0,14.83796149,1480000.0,-2330000.0,24418.91892,1860000.0,0.207002338,0.946153846
10/28/2022,0.62,0.62,0.605,3870000.0,0.61,1447.31,0.0,0.0,0.0,-0.016129032,0.008130081,15.16876507,1090000.0,-6490000.0,98702.75229,2432000.0,0.288933187,0.938461538
10/31/2022,0.61,0.615,0.605,3620000.0,0.605,1460.38,0.0,0.0,0.0,-0.008196721,0.0,15.10198458,-250000.0,-1340000.0,-560376.0,2894000.0,0.270637006,0.930769231
11/1/2022,0.605,0.605,0.59,3940000.0,0.595,1445.92,0.0,0.0,0.0,-0.016528926,0.0,15.18669128,320000.0,-200000.0,445712.5,3102000.0,0.294911283,0.915384615
11/2/2022,0.595,0.595,0.59,3070000.0,0.595,1451.61,0.0,0.0,0.0,0.0,0.0,14.93718812,-870000.0,-8640000.0,-139032.1839,3456000.0,0.230643247,0.915384615
11/3/2022,0.595,0.595,0.585,5190000.0,0.59,1420.38,0.0,0.0,0.0,-0.008403361,0.0,15.46224426,2120000.0,-510000.0,75157.07547,3938000.0,0.389988052,0.907692308
11/4/2022,0.59,0.6,0.59,2170000.0,0.6,1438.28,0.0,0.0,0.0,0.016949153,0.0,14.59023773,-3020000.0,-7160000.0,-37292.38411,3598000.0,0.163836028,0.9375
11/7/2022,0.595,0.6,0.59,1520000.0,0.595,1442.12,0.0,0.0,0.0,0.0,-0.008333333,14.23422089,-650000.0,-2440000.0,-50744.61538,3178000.0,0.115303069,0.9296875
11/8/2022,0.595,0.6,0.585,3100000.0,0.585,1441.35,0.0,0.0,0.0,-0.016806723,0.0,14.94691267,1580000.0,-1840000.0,29822.78481,3010000.0,0.236435468,0.9140625
11/9/2022,0.59,0.605,0.58,6340000.0,0.58,1446.19,0.0,0.0,0.0,-0.016949153,0.008547009,15.66238933,3240000.0,770000.0,60660.49383,3664000.0,0.490841243,0.90625
11/10/2022,0.58,0.59,0.58,2050000.0,0.59,1449.74,0.0,0.0,0.0,0.017241379,0.0,14.53335035,-4290000.0,-3340000.0,-30296.0373,3036000.0,0.181866572,0.921875
11/11/2022,0.59,0.6,0.585,2460000.0,0.59,1468.21,0.0,0.0,0.0,0.0,0.0,14.71567191,410000.0,-3150000.0,123000.0,3094000.0,0.224401368,0.921875
11/14/2022,0.59,0.595,0.575,7670000.0,0.58,1464.0,0.0,0.0,0.0,-0.016949153,0.0,15.85282717,5210000.0,3360000.0,36215.35509,4324000.0,0.716427391,0.90625
11/15/2022,0.58,0.59,0.575,2190000.0,0.585,1450.54,0.0,0.0,0.0,0.00862069,0.0,14.5994121,-5480000.0,-2170000.0,-30652.0073,4142000.0,0.206114737,0.9140625
11/16/2022,0.59,0.59,0.58,1210000.0,0.58,1448.38,0.0,0.0,0.0,-0.016949153,0.008547009,14.00613092,-980000.0,-2230000.0,-27039.79592,3116000.0,0.114837259,0.90625
11/17/2022,0.58,0.58,0.575,4750000.0,0.575,1449.32,0.0,0.0,0.0,-0.00862069,0.0,15.37365518,3540000.0,3180000.0,16235.87571,3656000.0,0.451119965,0.8984375
11/21/2022,0.575,0.58,0.57,4150000.0,0.57,1447.96,0.0,0.0,0.0,-0.008695652,0.0,15.23861889,-600000.0,3080000.0,-328541.6667,3994000.0,0.395383069,0.890625
11/22/2022,0.575,0.575,0.56,4580000.0,0.56,1441.29,0.0,0.0,0.0,-0.026086957,0.00877193,15.33720956,430000.0,-120000.0,442023.2558,3376000.0,0.43625072,0.875
11/23/2022,0.565,0.575,0.56,5450000.0,0.56,1443.5,0.0,0.0,0.0,-0.008849558,0.008928571,15.51112617,870000.0,320000.0,286908.046,4028000.0,0.519084697,0.875
11/24/2022,0.56,0.575,0.56,16020000.0,0.565,1501.88,0.0,0.0,0.0,0.008928571,0.0,16.5893485,10570000.0,11370000.0,82600.75686,6990000.0,1.518231573,0.8828125
11/25/2022,0.57,0.595,0.56,10630000.0,0.56,1486.54,0.0,0.0,0.0,-0.01754386,0.008849558,16.17919075,-5390000.0,7670000.0,-315941.744,8166000.0,1.013916311,0.875
11/29/2022,0.57,0.615,0.57,12160000.0,0.595,1476.96,0.0,0.0,0.0,0.043859649,0.017857143,16.31366243,1530000.0,7380000.0,844841.8301,9768000.0,1.161790839,0.9296875
11/30/2022,0.6,0.6,0.585,3070000.0,0.59,1488.8,0.0,0.0,0.0,-0.016666667,0.008403361,14.93718812,-9090000.0,-480000.0,-41068.42684,9466000.0,0.293441534,0.921875
12/1/2022,0.58,0.58,0.56,11580000.0,0.56,1491.51,0.0,0.0,0.0,-0.034482759,-0.016949153,16.26479003,8510000.0,6030000.0,41775.08813,10692000.0,1.108537076,0.875
12/2/2022,0.565,0.57,0.56,5660000.0,0.56,1481.8,0.0,0.0,0.0,-0.008849558,0.008928571,15.54893445,-5920000.0,-310000.0,-110714.1892,8620000.0,0.563105637,0.875
12/5/2022,0.565,0.57,0.56,3210000.0,0.57,1471.56,0.0,0.0,0.0,0.008849558,0.008928571,14.9817815,-2450000.0,730000.0,-74157.55102,7136000.0,0.332564946,0.890625
12/6/2022,0.57,0.585,0.565,3690000.0,0.585,1471.55,0.0,0.0,0.0,0.026315789,0.0,15.12113702,480000.0,-140000.0,246768.75,5442000.0,0.385137251,0.9140625
12/7/2022,0.585,0.59,0.575,3490000.0,0.575,1466.88,0.0,0.0,0.0,-0.017094017,0.0,15.06541229,-200000.0,-870000.0,-643905.0,5526000.0,0.366725686,0.8984375
12/8/2022,0.58,0.59,0.575,3200000.0,0.59,1465.93,0.0,0.0,0.0,0.017241379,0.008695652,14.97866137,-290000.0,-440000.0,-385103.4483,3850000.0,0.338293205,0.921875
12/9/2022,0.595,0.6,0.59,3760000.0,0.595,1477.19,0.0,0.0,0.0,0.0,0.008474576,15.13992952,560000.0,-1190000.0,214857.1429,3470000.0,0.398778211,0.9296875
12/12/2022,0.595,0.595,0.59,2150000.0,0.59,1474.38,0.0,0.0,0.0,-0.008403361,0.0,14.5809784,-1610000.0,-2520000.0,-50211.18012,3258000.0,0.229832222,0.921875
12/13/2022,0.59,0.615,0.59,10890000.0,0.61,1470.12,0.0,0.0,0.0,0.033898305,0.0,16.20335549,8740000.0,5490000.0,26788.9016,4698000.0,1.175118564,0.953125
12/14/2022,0.61,0.615,0.605,2720000.0,0.61,1483.17,0.0,0.0,0.0,0.0,0.0,14.81614244,-8170000.0,-3940000.0,-36255.56916,4544000.0,0.2980332,0.953125
12/15/2022,0.61,0.62,0.605,3740000.0,0.605,1467.13,0.0,0.0,0.0,-0.008196721,0.0,15.13459617,1020000.0,830000.0,99733.33333,4652000.0,0.414627251,0.9453125
12/16/2022,0.605,0.605,0.595,3580000.0,0.595,1478.54,0.0,0.0,0.0,-0.016528926,0.0,15.09087336,-160000.0,1460000.0,-836825.0,4616000.0,0.397689402,0.9296875
12/19/2022,0.595,0.605,0.595,3480000.0,0.6,1475.42,0.0,0.85656774,0.0,0.008403361,0.008403361,15.06254285,-100000.0,-1270000.0,-1245840.0,4882000.0,0.390960719,0.9375
12/23/2022,0.6,0.605,0.6,874600.0,0.605,1474.68,0.0,0.0,0.8855078220367432,0.0083333333333333,0.0083333333333333,13.681521917960955,-2605400.0,-3495400.0,-11681.922161664235,2878920.0,0.0992434418025041,0.9453125
